FirstName;LastName;Age
Anna;Miller;25
Tom;Smith;30
Lena;Fisher;28
John;Doe;45
Emily;Clark;33
Michael;Brown;40
Sarah;Johnson;26
David;Williams;31
Sophia;Jones;29
Daniel;Garcia;37
Emma;Martinez;24
Lucas;Taylor;32
Olivia;Lee;27
Noah;Walker;34
Ava;Hall;23
James;Young;36
Isabella;King;22
Benjamin;Wright;35
Mia;Scott;31
Henry;Green;38
Chloe;Adams;29
Matthew;Nelson;33
Ella;Hill;28
Samuel;Baker;39
Grace;Carter;30
Alexander;Mitchell;34
Victoria;Perez;27
Ethan;Roberts;32
Lily;Turner;26
Jack;Phillips;35
Hannah;Campbell;30
